<?xml version="1.0" encoding="UTF-8"?>
<project-private xmlns="http://www.netbeans.org/ns/project-private/1">
    <editor-bookmarks xmlns="http://www.netbeans.org/ns/editor-bookmarks/2" lastBookmarkId="0"/>
    <open-files xmlns="http://www.netbeans.org/ns/projectui-open-files/2">
        <group>
            <file>file:/C:/Users/RC_Student_lab/Documents/NetBeansProjects/ChatApp%20PART1/src/chatapp/part1/Register.java</file>
            <file>file:/C:/Users/RC_Student_lab/Documents/NetBeansProjects/ChatApp%20PART1/src/chatapp/part1/LoginPanel.java</file>
            <file>file:/C:/Users/RC_Student_lab/Documents/NetBeansProjects/ChatApp%20PART1/test/chatapp/part1/RegisterTest.java</file>
            <file>file:/C:/Users/RC_Student_lab/Documents/NetBeansProjects/ChatApp%20PART1/test/chatapp/part1/LoginTest.java</file>
            <file>file:/C:/Users/RC_Student_lab/Documents/NetBeansProjects/ChatApp%20PART1/src/chatapp/part1/ChatAppPART1.java</file>
            <file>file:/C:/Users/RC_Student_lab/Documents/NetBeansProjects/ChatApp%20PART1/src/chatapp/part1/Login.java</file>
            <file>file:/C:/Users/RC_Student_lab/Documents/NetBeansProjects/ChatApp%20PART1/src/chatapp/part1/MainGUI.java</file>
        </group>
    </open-files>
</project-private>
